  0,      0.000,    231.525
  1,      0.021,    258.003
  2,      0.041,    278.305
  3,      0.062,    297.942
  4,      0.082,    314.916
  5,      0.103,    323.903
  6,      0.123,    329.894
  7,      0.144,    333.888
  8,      0.165,    331.891
  9,      0.185,    327.897
 10,      0.206,    318.839
 11,      0.226,    305.930
  0,      0.000,    231.525
  1,      0.021,    258.003
  2,      0.041,    278.305
  3,      0.062,    297.942
  4,      0.082,    314.916
  5,      0.103,    323.903
  6,      0.123,    329.894
  7,      0.144,    333.888
  8,      0.165,    331.891
  9,      0.185,    327.897
 10,      0.206,    318.839
 11,      0.226,    305.930
 12,      0.247,    285.497
  0,      0.000,    231.525
  1,      0.021,    258.003
  2,      0.041,    278.305
  3,      0.062,    297.942
  4,      0.082,    314.916
  5,      0.103,    323.903
  6,      0.123,    329.894
  7,      0.144,    333.888
  8,      0.165,    331.891
  9,      0.185,    327.897
 10,      0.206,    318.839
 11,      0.226,    305.930
 12,      0.247,    285.497
 13,      0.267,    267.988
  0,      0.000,    231.525
  1,      0.021,    258.003
  2,      0.041,    278.305
  3,      0.062,    297.942
  4,      0.082,    314.916
  5,      0.103,    323.903
  6,      0.123,    329.894
  7,      0.144,    333.888
  8,      0.165,    331.891
  9,      0.185,    327.897
 10,      0.206,    318.839
 11,      0.226,    305.930
 12,      0.247,    285.497
 13,      0.267,    267.988
 14,      0.288,    240.030
  0,      0.000,    231.525
  1,      0.021,    258.003
  2,      0.041,    278.305
  3,      0.062,    297.942
  4,      0.082,    314.916
  5,      0.103,    323.903
  6,      0.123,    329.894
  7,      0.144,    333.888
  8,      0.165,    331.891
  9,      0.185,    327.897
 10,      0.206,    318.839
 11,      0.226,    305.930
 12,      0.247,    285.497
 13,      0.267,    267.988
 14,      0.288,    240.030
 15,      0.308,    209.006
  0,      0.000,    231.525
  1,      0.021,    258.003
  2,      0.041,    278.305
  3,      0.062,    297.942
  4,      0.082,    314.916
  5,      0.103,    323.903
  6,      0.123,    329.894
  7,      0.144,    333.888
  8,      0.165,    331.891
  9,      0.185,    327.897
 10,      0.206,    318.839
 11,      0.226,    305.930
 12,      0.247,    285.497
 13,      0.267,    267.988
 14,      0.288,    240.030
 15,      0.308,    209.006
 16,      0.329,    179.071
  0,      0.000,    231.525
  1,      0.021,    258.003
  2,      0.041,    278.305
  3,      0.062,    297.942
  4,      0.082,    314.916
  5,      0.103,    323.903
  6,      0.123,    329.894
  7,      0.144,    333.888
  8,      0.165,    331.891
  9,      0.185,    327.897
 10,      0.206,    318.839
 11,      0.226,    305.930
 12,      0.247,    285.497
 13,      0.267,    267.988
 14,      0.288,    240.030
 15,      0.308,    209.006
 16,      0.329,    179.071
 17,      0.349,    138.606
  0,      0.000,    231.525
  1,      0.021,    258.003
  2,      0.041,    278.305
  3,      0.062,    297.942
  4,      0.082,    314.916
  5,      0.103,    323.903
  6,      0.123,    329.894
  7,      0.144,    333.888
  8,      0.165,    331.891
  9,      0.185,    327.897
 10,      0.206,    318.839
 11,      0.226,    305.930
 12,      0.247,    285.497
 13,      0.267,    267.988
 14,      0.288,    240.030
 15,      0.308,    209.006
 16,      0.329,    179.071
 17,      0.349,    138.606
 18,      0.370,     97.212
  0,      0.000,    231.525
  1,      0.021,    258.003
  2,      0.041,    278.305
  3,      0.062,    297.942
  4,      0.082,    314.916
  5,      0.103,    323.903
  6,      0.123,    329.894
  7,      0.144,    333.888
  8,      0.165,    331.891
  9,      0.185,    327.897
 10,      0.206,    318.839
 11,      0.226,    305.930
 12,      0.247,    285.497
 13,      0.267,    267.988
 14,      0.288,    240.030
 15,      0.308,    209.006
 16,      0.329,    179.071
 17,      0.349,    138.606
 18,      0.370,     97.212
 19,      0.391,     53.823
  0,      0.000,    231.525
  1,      0.021,    258.003
  2,      0.041,    278.305
  3,      0.062,    297.942
  4,      0.082,    314.916
  5,      0.103,    323.903
  6,      0.123,    329.894
  7,      0.144,    333.888
  8,      0.165,    331.891
  9,      0.185,    327.897
 10,      0.206,    318.839
 11,      0.226,    305.930
 12,      0.247,    285.497
 13,      0.267,    267.988
 14,      0.288,    240.030
 15,      0.308,    209.006
 16,      0.329,    179.071
 17,      0.349,    138.606
 18,      0.370,     97.212
 19,      0.391,     53.823
 20,      0.411,      8.383,      0.394,     27.943
  0,      0.000,    231.525
  1,      0.021,    258.003
  2,      0.041,    278.305
  3,      0.062,    297.942
  4,      0.082,    314.916
  5,      0.103,    323.903
  6,      0.123,    329.894
  7,      0.144,    333.888
  8,      0.165,    331.891
  9,      0.185,    327.897
 10,      0.206,    318.839
 11,      0.226,    305.930
 12,      0.247,    285.497
 13,      0.267,    267.988
 14,      0.288,    240.030
 15,      0.308,    209.006
 16,      0.329,    179.071
 17,      0.349,    138.606
 18,      0.370,     97.212
 19,      0.391,     53.823
 20,      0.411,      8.383,      0.390,     27.943
 21,      0.432,     38.337,      0.353,    127.791
  0,      0.000,    231.525
  1,      0.021,    258.003
  2,      0.041,    278.305
  3,      0.062,    297.942
  4,      0.082,    314.916
  5,      0.103,    323.903
  6,      0.123,    329.894
  7,      0.144,    333.888
  8,      0.165,    331.891
  9,      0.185,    327.897
 10,      0.206,    318.839
 11,      0.226,    305.930
 12,      0.247,    285.497
 13,      0.267,    267.988
 14,      0.288,    240.030
 15,      0.308,    209.006
 16,      0.329,    179.071
 17,      0.349,    138.606
 18,      0.370,     97.212
 19,      0.391,     53.823
 20,      0.411,      8.383,      0.387,     27.943
 21,      0.432,     38.337,      0.350,    127.791
 22,      0.452,     75.638,      0.312,    252.126
  0,      0.000,    231.525
  1,      0.021,    258.003
  2,      0.041,    278.305
  3,      0.062,    297.942
  4,      0.082,    314.916
  5,      0.103,    323.903
  6,      0.123,    329.894
  7,      0.144,    333.888
  8,      0.165,    331.891
  9,      0.185,    327.897
 10,      0.206,    318.839
 11,      0.226,    305.930
 12,      0.247,    285.497
 13,      0.267,    267.988
 14,      0.288,    240.030
 15,      0.308,    209.006
 16,      0.329,    179.071
 17,      0.349,    138.606
 18,      0.370,     97.212
 19,      0.391,     53.823
 20,      0.411,      8.383,      0.391,     27.943
 21,      0.432,     38.337,      0.354,    127.791
 22,      0.452,     75.638,      0.316,    252.126
 23,      0.473,     99.319,      0.279,    331.062
  0,      0.000,    231.525
  1,      0.021,    258.003
  2,      0.041,    278.305
  3,      0.062,    297.942
  4,      0.082,    314.916
  5,      0.103,    323.903
  6,      0.123,    329.894
  7,      0.144,    333.888
  8,      0.165,    331.891
  9,      0.185,    327.897
 10,      0.206,    318.839
 11,      0.226,    305.930
 12,      0.247,    285.497
 13,      0.267,    267.988
 14,      0.288,    240.030
 15,      0.308,    209.006
 16,      0.329,    179.071
 17,      0.349,    138.606
 18,      0.370,     97.212
 19,      0.391,     53.823
 20,      0.411,      8.383,      0.401,     27.943
 21,      0.432,     38.337,      0.364,    127.791
 22,      0.452,     75.638,      0.326,    252.126
 23,      0.473,     99.319,      0.289,    331.062
 24,      0.493,    132.515,      0.251,    441.718
  0,      0.000,    231.525
  1,      0.021,    258.003
  2,      0.041,    278.305
  3,      0.062,    297.942
  4,      0.082,    314.916
  5,      0.103,    323.903
  6,      0.123,    329.894
  7,      0.144,    333.888
  8,      0.165,    331.891
  9,      0.185,    327.897
 10,      0.206,    318.839
 11,      0.226,    305.930
 12,      0.247,    285.497
 13,      0.267,    267.988
 14,      0.288,    240.030
 15,      0.308,    209.006
 16,      0.329,    179.071
 17,      0.349,    138.606
 18,      0.370,     97.212
 19,      0.391,     53.823
 20,      0.411,      8.383
 21,      0.432,     38.337,      0.382,    127.791
 22,      0.452,     75.638,      0.345,    252.126
 23,      0.473,     99.319,      0.307,    331.062
 24,      0.493,    132.515,      0.270,    441.718
 25,      0.514,    157.875,      0.232,    526.249
  0,      0.000,    231.525
  1,      0.021,    258.003
  2,      0.041,    278.305
  3,      0.062,    297.942
  4,      0.082,    314.916
  5,      0.103,    323.903
  6,      0.123,    329.894
  7,      0.144,    333.888
  8,      0.165,    331.891
  9,      0.185,    327.897
 10,      0.206,    318.839
 11,      0.226,    305.930
 12,      0.247,    285.497
 13,      0.267,    267.988
 14,      0.288,    240.030
 15,      0.308,    209.006
 16,      0.329,    179.071
 17,      0.349,    138.606
 18,      0.370,     97.212
 19,      0.391,     53.823
 20,      0.411,      8.383
 21,      0.432,     38.337,      0.406,    127.791
 22,      0.452,     75.638,      0.368,    252.126
 23,      0.473,     99.319,      0.331,    331.062
 24,      0.493,    132.515,      0.293,    441.718
 25,      0.514,    157.875,      0.256,    526.249
 26,      0.533,    177.144,      0.221,    590.479
  0,      0.000,    231.525
  1,      0.021,    258.003
  2,      0.041,    278.305
  3,      0.062,    297.942
  4,      0.082,    314.916
  5,      0.103,    323.903
  6,      0.123,    329.894
  7,      0.144,    333.888
  8,      0.165,    331.891
  9,      0.185,    327.897
 10,      0.206,    318.839
 11,      0.226,    305.930
 12,      0.247,    285.497
 13,      0.267,    267.988
 14,      0.288,    240.030
 15,      0.308,    209.006
 16,      0.329,    179.071
 17,      0.349,    138.606
 18,      0.370,     97.212
 19,      0.391,     53.823
 20,      0.411,      8.383
 21,      0.432,     38.337
 22,      0.452,     75.638,      0.402,    252.126
 23,      0.473,     99.319,      0.364,    331.062
 24,      0.493,    132.515,      0.327,    441.718
 25,      0.514,    157.875,      0.289,    526.249
 26,      0.533,    177.144,      0.254,    590.479
 27,      0.553,    193.316,      0.217,    644.386
  0,      0.000,    231.525
  1,      0.021,    258.003
  2,      0.041,    278.305
  3,      0.062,    297.942
  4,      0.082,    314.916
  5,      0.103,    323.903
  6,      0.123,    329.894
  7,      0.144,    333.888
  8,      0.165,    331.891
  9,      0.185,    327.897
 10,      0.206,    318.839
 11,      0.226,    305.930
 12,      0.247,    285.497
 13,      0.267,    267.988
 14,      0.288,    240.030
 15,      0.308,    209.006
 16,      0.329,    179.071
 17,      0.349,    138.606
 18,      0.370,     97.212
 19,      0.391,     53.823
 20,      0.411,      8.383
 21,      0.432,     38.337
 22,      0.452,     75.638,      0.447,    252.126
 23,      0.473,     99.319,      0.409,    331.062
 24,      0.493,    132.515,      0.371,    441.718
 25,      0.514,    157.875,      0.334,    526.249
 26,      0.533,    177.144,      0.299,    590.479
 27,      0.553,    193.316,      0.262,    644.386
 28,      0.574,    206.047,      0.224,    686.823
  0,      0.000,    231.525
  1,      0.021,    258.003
  2,      0.041,    278.305
  3,      0.062,    297.942
  4,      0.082,    314.916
  5,      0.103,    323.903
  6,      0.123,    329.894
  7,      0.144,    333.888
  8,      0.165,    331.891
  9,      0.185,    327.897
 10,      0.206,    318.839
 11,      0.226,    305.930
 12,      0.247,    285.497
 13,      0.267,    267.988
 14,      0.288,    240.030
 15,      0.308,    209.006
 16,      0.329,    179.071
 17,      0.349,    138.606
 18,      0.370,     97.212
 19,      0.391,     53.823
 20,      0.411,      8.383
 21,      0.432,     38.337
 22,      0.452,     75.638
 23,      0.473,     99.319
 24,      0.493,    132.515,      0.478,    441.718
 25,      0.514,    157.875,      0.441,    526.249
 26,      0.533,    177.144,      0.406,    590.479
 27,      0.553,    193.316,      0.369,    644.386
 28,      0.574,    206.047,      0.331,    686.823
 29,      0.595,    214.890,      0.294,    716.300
  0,      0.000,    231.525
  1,      0.021,    258.003
  2,      0.041,    278.305
  3,      0.062,    297.942
  4,      0.082,    314.916
  5,      0.103,    323.903
  6,      0.123,    329.894
  7,      0.144,    333.888
  8,      0.165,    331.891
  9,      0.185,    327.897
 10,      0.206,    318.839
 11,      0.226,    305.930
 12,      0.247,    285.497
 13,      0.267,    267.988
 14,      0.288,    240.030
 15,      0.308,    209.006
 16,      0.329,    179.071
 17,      0.349,    138.606
 18,      0.370,     97.212
 19,      0.391,     53.823
 20,      0.411,      8.383
 21,      0.432,     38.337
 22,      0.452,     75.638
 23,      0.473,     99.319
 24,      0.493,    132.515
 25,      0.514,    157.875
 26,      0.533,    177.144
 27,      0.553,    193.316
 28,      0.574,    206.047
 29,      0.595,    214.890
 30,      0.615,    221.462
  0,      0.000,    221.462
  1,      0.021,    217.608
  2,      0.041,    218.813
  3,      0.062,    210.967
  4,      0.082,    200.266
  0,      0.000,    221.462
  1,      0.021,    217.608
  2,      0.041,    218.813
  3,      0.062,    210.967
  4,      0.082,    200.266
  5,      0.103,    186.147
  0,      0.000,    221.462
  1,      0.021,    217.608
  2,      0.041,    218.813
  3,      0.062,    210.967
  4,      0.082,    200.266
  5,      0.103,    186.147
  6,      0.123,    163.896
  0,      0.000,    221.462
  1,      0.021,    217.608
  2,      0.041,    218.813
  3,      0.062,    210.967
  4,      0.082,    200.266
  5,      0.103,    186.147
  6,      0.123,    163.896
  7,      0.144,    138.399
  0,      0.000,    221.462
  1,      0.021,    217.608
  2,      0.041,    218.813
  3,      0.062,    210.967
  4,      0.082,    200.266
  5,      0.103,    186.147
  6,      0.123,    163.896
  7,      0.144,    138.399
  8,      0.165,    108.231
  0,      0.000,    221.462
  1,      0.021,    217.608
  2,      0.041,    218.813
  3,      0.062,    210.967
  4,      0.082,    200.266
  5,      0.103,    186.147
  6,      0.123,    163.896
  7,      0.144,    138.399
  8,      0.165,    108.231
  9,      0.185,     74.283
  0,      0.000,    221.462
  1,      0.021,    217.608
  2,      0.041,    218.813
  3,      0.062,    210.967
  4,      0.082,    200.266
  5,      0.103,    186.147
  6,      0.123,    163.896
  7,      0.144,    138.399
  8,      0.165,    108.231
  9,      0.185,     74.283
 10,      0.205,     42.331
  0,      0.000,    221.462
  1,      0.021,    217.608
  2,      0.041,    218.813
  3,      0.062,    210.967
  4,      0.082,    200.266
  5,      0.103,    186.147
  6,      0.123,    163.896
  7,      0.144,    138.399
  8,      0.165,    108.231
  9,      0.185,     74.283
 10,      0.205,     42.331
 11,      0.226,     12.876,      0.200,     42.920
  0,      0.000,    221.462
  1,      0.021,    217.608
  2,      0.041,    218.813
  3,      0.062,    210.967
  4,      0.082,    200.266
  5,      0.103,    186.147
  6,      0.123,    163.896
  7,      0.144,    138.399
  8,      0.165,    108.231
  9,      0.185,     74.283
 10,      0.205,     42.331
 11,      0.226,     12.876,      0.196,     42.920
 12,      0.247,     20.365,      0.158,     67.882
  0,      0.000,    221.462
  1,      0.021,    217.608
  2,      0.041,    218.813
  3,      0.062,    210.967
  4,      0.082,    200.266
  5,      0.103,    186.147
  6,      0.123,    163.896
  7,      0.144,    138.399
  8,      0.165,    108.231
  9,      0.185,     74.283
 10,      0.205,     42.331
 11,      0.226,     12.876,      0.181,     42.920
 12,      0.247,     20.365,      0.144,     67.882
 13,      0.267,     50.319,      0.106,    167.730
  0,      0.000,    221.462
  1,      0.021,    217.608
  2,      0.041,    218.813
  3,      0.062,    210.967
  4,      0.082,    200.266
  5,      0.103,    186.147
  6,      0.123,    163.896
  7,      0.144,    138.399
  8,      0.165,    108.231
  9,      0.185,     74.283
 10,      0.205,     42.331
 11,      0.226,     12.876,      0.172,     42.920
 12,      0.247,     20.365,      0.134,     67.882
 13,      0.267,     50.319,      0.097,    167.730
 14,      0.288,     79.560,      0.059,    265.201
  0,      0.000,    221.462
  1,      0.021,    217.608
  2,      0.041,    218.813
  3,      0.062,    210.967
  4,      0.082,    200.266
  5,      0.103,    186.147
  6,      0.123,    163.896
  7,      0.144,    138.399
  8,      0.165,    108.231
  9,      0.185,     74.283
 10,      0.205,     42.331,      0.191,    141.104
 11,      0.226,     12.876,      0.154,     42.920
 12,      0.247,     20.365,      0.116,     67.882
 13,      0.267,     50.319,      0.078,    167.730
 14,      0.288,     79.560,      0.041,    265.201
 15,      0.308,     99.173,      0.003,    330.578
  0,      0.000,     99.173
  1,      0.020,    116.825
  2,      0.041,    132.825
  3,      0.062,    144.386
  4,      0.082,    150.167
  0,      0.000,     99.173
  1,      0.020,    116.825
  2,      0.041,    132.825
  3,      0.062,    144.386
  4,      0.082,    150.167
  5,      0.103,    155.948
  0,      0.000,     99.173
  1,      0.020,    116.825
  2,      0.041,    132.825
  3,      0.062,    144.386
  4,      0.082,    150.167
  5,      0.103,    155.948
  6,      0.124,    155.848
  0,      0.000,     99.173
  1,      0.020,    116.825
  2,      0.041,    132.825
  3,      0.062,    144.386
  4,      0.082,    150.167
  5,      0.103,    155.948
  6,      0.124,    155.848
  7,      0.144,    148.240
  0,      0.000,     99.173
  1,      0.020,    116.825
  2,      0.041,    132.825
  3,      0.062,    144.386
  4,      0.082,    150.167
  5,      0.103,    155.948
  6,      0.124,    155.848
  7,      0.144,    148.240
  8,      0.164,    138.606
  0,      0.000,     99.173
  1,      0.020,    116.825
  2,      0.041,    132.825
  3,      0.062,    144.386
  4,      0.082,    150.167
  5,      0.103,    155.948
  6,      0.124,    155.848
  7,      0.144,    148.240
  8,      0.164,    138.606
  9,      0.185,    127.044
  0,      0.000,     99.173
  1,      0.020,    116.825
  2,      0.041,    132.825
  3,      0.062,    144.386
  4,      0.082,    150.167
  5,      0.103,    155.948
  6,      0.124,    155.848
  7,      0.144,    148.240
  8,      0.164,    138.606
  9,      0.185,    127.044
 10,      0.205,    111.629
  0,      0.000,     99.173
  1,      0.020,    116.825
  2,      0.041,    132.825
  3,      0.062,    144.386
  4,      0.082,    150.167
  5,      0.103,    155.948
  6,      0.124,    155.848
  7,      0.144,    148.240
  8,      0.164,    138.606
  9,      0.185,    127.044
 10,      0.205,    111.629
 11,      0.226,     90.433
  0,      0.000,     99.173
  1,      0.020,    116.825
  2,      0.041,    132.825
  3,      0.062,    144.386
  4,      0.082,    150.167
  5,      0.103,    155.948
  6,      0.124,    155.848
  7,      0.144,    148.240
  8,      0.164,    138.606
  9,      0.185,    127.044
 10,      0.205,    111.629
 11,      0.226,     90.433
 12,      0.247,     59.947
  0,      0.000,     99.173
  1,      0.020,    116.825
  2,      0.041,    132.825
  3,      0.062,    144.386
  4,      0.082,    150.167
  5,      0.103,    155.948
  6,      0.124,    155.848
  7,      0.144,    148.240
  8,      0.164,    138.606
  9,      0.185,    127.044
 10,      0.205,    111.629
 11,      0.226,     90.433
 12,      0.247,     59.947
 13,      0.267,     36.481
  0,      0.000,     99.173
  1,      0.020,    116.825
  2,      0.041,    132.825
  3,      0.062,    144.386
  4,      0.082,    150.167
  5,      0.103,    155.948
  6,      0.124,    155.848
  7,      0.144,    148.240
  8,      0.164,    138.606
  9,      0.185,    127.044
 10,      0.205,    111.629
 11,      0.226,     90.433
 12,      0.247,     59.947
 13,      0.267,     36.481
 14,      0.288,     13.823,      0.259,     46.076
  0,      0.000,     99.173
  1,      0.020,    116.825
  2,      0.041,    132.825
  3,      0.062,    144.386
  4,      0.082,    150.167
  5,      0.103,    155.948
  6,      0.124,    155.848
  7,      0.144,    148.240
  8,      0.164,    138.606
  9,      0.185,    127.044
 10,      0.205,    111.629
 11,      0.226,     90.433
 12,      0.247,     59.947
 13,      0.267,     36.481
 14,      0.288,     13.823,      0.259,     46.076
 15,      0.308,     20.198,      0.222,     67.328
  0,      0.000,     99.173
  1,      0.020,    116.825
  2,      0.041,    132.825
  3,      0.062,    144.386
  4,      0.082,    150.167
  5,      0.103,    155.948
  6,      0.124,    155.848
  7,      0.144,    148.240
  8,      0.164,    138.606
  9,      0.185,    127.044
 10,      0.205,    111.629
 11,      0.226,     90.433
 12,      0.247,     59.947
 13,      0.267,     36.481
 14,      0.288,     13.823,      0.251,     46.076
 15,      0.308,     20.198,      0.213,     67.328
 16,      0.329,     23.580,      0.176,     78.600
  0,      0.000,     99.173
  1,      0.020,    116.825
  2,      0.041,    132.825
  3,      0.062,    144.386
  4,      0.082,    150.167
  5,      0.103,    155.948
  6,      0.124,    155.848
  7,      0.144,    148.240
  8,      0.164,    138.606
  9,      0.185,    127.044
 10,      0.205,    111.629
 11,      0.226,     90.433
 12,      0.247,     59.947
 13,      0.267,     36.481
 14,      0.288,     13.823,      0.237,     46.076
 15,      0.308,     20.198,      0.200,     67.328
 16,      0.329,     23.580,      0.162,     78.600
 17,      0.349,     27.079,      0.125,     90.262
  0,      0.000,     99.173
  1,      0.020,    116.825
  2,      0.041,    132.825
  3,      0.062,    144.386
  4,      0.082,    150.167
  5,      0.103,    155.948
  6,      0.124,    155.848
  7,      0.144,    148.240
  8,      0.164,    138.606
  9,      0.185,    127.044
 10,      0.205,    111.629
 11,      0.226,     90.433
 12,      0.247,     59.947
 13,      0.267,     36.481
 14,      0.288,     13.823,      0.236,     46.076
 15,      0.308,     20.198,      0.198,     67.328
 16,      0.329,     23.580,      0.161,     78.600
 17,      0.349,     27.079,      0.123,     90.262
 18,      0.370,     38.473,      0.086,    128.242
  0,      0.000,     99.173
  1,      0.020,    116.825
  2,      0.041,    132.825
  3,      0.062,    144.386
  4,      0.082,    150.167
  5,      0.103,    155.948
  6,      0.124,    155.848
  7,      0.144,    148.240
  8,      0.164,    138.606
  9,      0.185,    127.044
 10,      0.205,    111.629
 11,      0.226,     90.433
 12,      0.247,     59.947
 13,      0.267,     36.481
 14,      0.288,     13.823,      0.239,     46.076
 15,      0.308,     20.198,      0.202,     67.328
 16,      0.329,     23.580,      0.164,     78.600
 17,      0.349,     27.079,      0.127,     90.262
 18,      0.370,     38.473,      0.089,    128.242
 19,      0.390,     42.196,      0.051,    140.653
  0,      0.000,     99.173
  1,      0.020,    116.825
  2,      0.041,    132.825
  3,      0.062,    144.386
  4,      0.082,    150.167
  5,      0.103,    155.948
  6,      0.124,    155.848
  7,      0.144,    148.240
  8,      0.164,    138.606
  9,      0.185,    127.044
 10,      0.205,    111.629
 11,      0.226,     90.433
 12,      0.247,     59.947
 13,      0.267,     36.481
 14,      0.288,     13.823,      0.236,     46.076
 15,      0.308,     20.198,      0.198,     67.328
 16,      0.329,     23.580,      0.161,     78.600
 17,      0.349,     27.079,      0.123,     90.262
 18,      0.370,     38.473,      0.086,    128.242
 19,      0.390,     42.196,      0.048,    140.653
 20,      0.412,     36.481,      0.009,    121.602
  0,      0.000,     99.173
  1,      0.020,    116.825
  2,      0.041,    132.825
  3,      0.062,    144.386
  4,      0.082,    150.167
  5,      0.103,    155.948
  6,      0.124,    155.848
  7,      0.144,    148.240
  8,      0.164,    138.606
  9,      0.185,    127.044
 10,      0.205,    111.629
 11,      0.226,     90.433
 12,      0.247,     59.947
 13,      0.267,     36.481
 14,      0.288,     13.823,      0.231,     46.076
 15,      0.308,     20.198,      0.194,     67.328
 16,      0.329,     23.580,      0.156,     78.600
 17,      0.349,     27.079,      0.119,     90.262
 18,      0.370,     38.473,      0.081,    128.242
 19,      0.390,     42.196,      0.044,    140.653
 20,      0.412,     36.481,      0.005,    121.602
 21,      0.432,     30.700,     -0.032,    102.333
  0,      0.000,     99.173
  1,      0.020,    116.825
  2,      0.041,    132.825
  3,      0.062,    144.386
  4,      0.082,    150.167
  5,      0.103,    155.948
  6,      0.124,    155.848
  7,      0.144,    148.240
  8,      0.164,    138.606
  9,      0.185,    127.044
 10,      0.205,    111.629
 11,      0.226,     90.433
 12,      0.247,     59.947
 13,      0.267,     36.481,      0.263,    121.602
 14,      0.288,     13.823,      0.225,     46.076
 15,      0.308,     20.198,      0.188,     67.328
 16,      0.329,     23.580,      0.150,     78.600
 17,      0.349,     27.079,      0.113,     90.262
 18,      0.370,     38.473,      0.075,    128.242
 19,      0.390,     42.196,      0.037,    140.653
 20,      0.412,     36.481,     -0.002,    121.602
 21,      0.432,     30.700,     -0.038,    102.333
 22,      0.453,     24.919,     -0.077,     83.064
  0,      0.000,     99.173
  1,      0.020,    116.825
  2,      0.041,    132.825
  3,      0.062,    144.386
  4,      0.082,    150.167
  5,      0.103,    155.948
  6,      0.124,    155.848
  7,      0.144,    148.240
  8,      0.164,    138.606
  9,      0.185,    127.044
 10,      0.205,    111.629
 11,      0.226,     90.433
 12,      0.247,     59.947
 13,      0.267,     36.481
 14,      0.288,     13.823
 15,      0.308,     20.198,      0.286,     67.328
 16,      0.329,     23.580,      0.249,     78.600
 17,      0.349,     27.079,      0.211,     90.262
 18,      0.370,     38.473,      0.174,    128.242
 19,      0.390,     42.196,      0.136,    140.653
 20,      0.412,     36.481,      0.097,    121.602
 21,      0.432,     30.700,      0.061,    102.333
 22,      0.453,     24.919,      0.022,     83.064
 23,      0.473,     21.065,     -0.014,     70.218
  0,      0.000,     99.173
  1,      0.020,    116.825
  2,      0.041,    132.825
  3,      0.062,    144.386
  4,      0.082,    150.167
  5,      0.103,    155.948
  6,      0.124,    155.848
  7,      0.144,    148.240
  8,      0.164,    138.606
  9,      0.185,    127.044
 10,      0.205,    111.629
 11,      0.226,     90.433
 12,      0.247,     59.947
 13,      0.267,     36.481
 14,      0.288,     13.823
 15,      0.308,     20.198,      0.284,     67.328
 16,      0.329,     23.580,      0.247,     78.600
 17,      0.349,     27.079,      0.209,     90.262
 18,      0.370,     38.473,      0.172,    128.242
 19,      0.390,     42.196,      0.134,    140.653
 20,      0.412,     36.481,      0.095,    121.602
 21,      0.432,     30.700,      0.059,    102.333
 22,      0.453,     24.919,      0.020,     83.064
 23,      0.473,     21.065,     -0.016,     70.218
 24,      0.493,     13.358,     -0.053,     44.526
  0,      0.000,     99.173
  1,      0.020,    116.825
  2,      0.041,    132.825
  3,      0.062,    144.386
  4,      0.082,    150.167
  5,      0.103,    155.948
  6,      0.124,    155.848
  7,      0.144,    148.240
  8,      0.164,    138.606
  9,      0.185,    127.044
 10,      0.205,    111.629
 11,      0.226,     90.433
 12,      0.247,     59.947
 13,      0.267,     36.481
 14,      0.288,     13.823
 15,      0.308,     20.198,      0.278,     67.328
 16,      0.329,     23.580,      0.241,     78.600
 17,      0.349,     27.079,      0.203,     90.262
 18,      0.370,     38.473,      0.166,    128.242
 19,      0.390,     42.196,      0.128,    140.653
 20,      0.412,     36.481,      0.089,    121.602
 21,      0.432,     30.700,      0.053,    102.333
 22,      0.453,     24.919,      0.014,     83.064
 23,      0.473,     21.065,     -0.022,     70.218
 24,      0.493,     13.358,     -0.060,     44.526
 25,      0.514,      0.395,     -0.097,      1.317
  0,      0.000,     99.173
  1,      0.020,    116.825
  2,      0.041,    132.825
  3,      0.062,    144.386
  4,      0.082,    150.167
  5,      0.103,    155.948
  6,      0.124,    155.848
  7,      0.144,    148.240
  8,      0.164,    138.606
  9,      0.185,    127.044
 10,      0.205,    111.629
 11,      0.226,     90.433
 12,      0.247,     59.947
 13,      0.267,     36.481
 14,      0.288,     13.823
 15,      0.308,     20.198,      0.265,     67.328
 16,      0.329,     23.580,      0.227,     78.600
 17,      0.349,     27.079,      0.190,     90.262
 18,      0.370,     38.473,      0.152,    128.242
 19,      0.390,     42.196,      0.115,    140.653
 20,      0.412,     36.481,      0.076,    121.602
 21,      0.432,     30.700,      0.040,    102.333
 22,      0.453,     24.919,      0.000,     83.064
 23,      0.473,     21.065,     -0.035,     70.218
 24,      0.493,     13.358,     -0.073,     44.526
 25,      0.514,      0.395,     -0.111,      1.317
 26,      0.534,     17.212,     -0.148,     57.372
  0,      0.000,     99.173
  1,      0.020,    116.825
  2,      0.041,    132.825
  3,      0.062,    144.386
  4,      0.082,    150.167
  5,      0.103,    155.948
  6,      0.124,    155.848
  7,      0.144,    148.240
  8,      0.164,    138.606
  9,      0.185,    127.044
 10,      0.205,    111.629
 11,      0.226,     90.433
 12,      0.247,     59.947
 13,      0.267,     36.481
 14,      0.288,     13.823
 15,      0.308,     20.198,      0.253,     67.328
 16,      0.329,     23.580,      0.216,     78.600
 17,      0.349,     27.079,      0.178,     90.262
 18,      0.370,     38.473,      0.141,    128.242
 19,      0.390,     42.196,      0.103,    140.653
 20,      0.412,     36.481,      0.064,    121.602
 21,      0.432,     30.700,      0.028,    102.333
 22,      0.453,     24.919,     -0.011,     83.064
 23,      0.473,     21.065,     -0.047,     70.218
 24,      0.493,     13.358,     -0.084,     44.526
 25,      0.514,      0.395,     -0.122,      1.317
 26,      0.534,     17.212,     -0.160,     57.372
 27,      0.555,     22.683,     -0.197,     75.609
  0,      0.000,     99.173
  1,      0.020,    116.825
  2,      0.041,    132.825
  3,      0.062,    144.386
  4,      0.082,    150.167
  5,      0.103,    155.948
  6,      0.124,    155.848
  7,      0.144,    148.240
  8,      0.164,    138.606
  9,      0.185,    127.044
 10,      0.205,    111.629
 11,      0.226,     90.433
 12,      0.247,     59.947
 13,      0.267,     36.481
 14,      0.288,     13.823
 15,      0.308,     20.198,      0.274,     67.328
 16,      0.329,     23.580,      0.236,     78.600
 17,      0.349,     27.079,      0.199,     90.262
 18,      0.370,     38.473,      0.162,    128.242
 19,      0.390,     42.196,      0.124,    140.653
 20,      0.412,     36.481,      0.085,    121.602
 21,      0.432,     30.700,      0.049,    102.333
 22,      0.453,     24.919,      0.010,     83.064
 23,      0.473,     21.065,     -0.026,     70.218
 24,      0.493,     13.358,     -0.064,     44.526
 25,      0.514,      0.395,     -0.101,      1.317
 26,      0.534,     17.212,     -0.139,     57.372
 27,      0.555,     22.683,     -0.176,     75.609
 28,      0.575,     26.605,     -0.214,     88.684
  0,      0.000,     26.605
  1,      0.021,     18.368
  2,      0.041,     11.859
  3,      0.062,     -1.112
  4,      0.082,      0.960
  0,      0.000,      0.960
  1,      0.020,     11.859
  2,      0.041,      7.177
  3,      0.063,    -11.352
  4,      0.084,    -13.505
  0,      0.000,      0.960
  1,      0.020,     11.859
  2,      0.041,      7.177
  3,      0.063,    -11.352
  4,      0.084,    -13.505
  5,      0.104,    -40.359
  0,      0.000,      0.960
  1,      0.020,     11.859
  2,      0.041,      7.177
  3,      0.063,    -11.352
  4,      0.084,    -13.505
  5,      0.104,    -40.359
  6,      0.125,    -53.808
  0,      0.000,      0.960
  1,      0.020,     11.859
  2,      0.041,      7.177
  3,      0.063,    -11.352
  4,      0.084,    -13.505
  5,      0.104,    -40.359
  6,      0.125,    -53.808
  7,      0.145,    -76.223
  0,      0.000,      0.960
  1,      0.020,     11.859
  2,      0.041,      7.177
  3,      0.063,    -11.352
  4,      0.084,    -13.505
  5,      0.104,    -40.359
  6,      0.125,    -53.808
  7,      0.145,    -76.223
  8,      0.166,    -89.268
  0,      0.000,      0.960
  1,      0.020,     11.859
  2,      0.041,      7.177
  3,      0.063,    -11.352
  4,      0.084,    -13.505
  5,      0.104,    -40.359
  6,      0.125,    -53.808
  7,      0.145,    -76.223
  8,      0.166,    -89.268
  9,      0.187,   -128.991